model	P	FDR
model1_Gam	0.0754785681640752	0.15095713632815
model1_Fun	0.889007328196164	0.889007328196164
model2_Gam	0.0162033812467394	0.0648135249869576
model2_Fun	0.235284240726542	0.313712320968723
